{    
   "Body": {        
      "stkCallback": {            
         "MerchantRequestID": "29115-34620561-1",            
         "CheckoutRequestID": "ws_CO_191220191020363925",            
         "ResultCode": 0,            
         "ResultDesc": "The service request is processed successfully.",            
         "CallbackMetadata": {                
            "Item": [{                        
               "Name": "Amount",                        
               "Value": 1.00                    
            },                    
            {                        
               "Name": "MpesaReceiptNumber",                        
               "Value": "NLJ7RT61SV"                    
            },    
            {
                "Name": "Balance"
            },                
            {                        
               "Name": "TransactionDate",                        
               "Value": 20191219102115                    
            },                    
            {                        
               "Name": "PhoneNumber",                        
               "Value": 254708374149                    
            }]            
         }        
      }    
   }
}
MerchantRequestID=123112&CheckoutRequestID=12341234&ResultCode=12314123432&ResultDesc=23423421&Amount=2312341234&TransactionId=1234123423413242341&UserPhoneNumber=0714512869MerchantRequestID=123112&CheckoutRequestID=12341234&ResultCode=12314123432&ResultDesc=23423421&Amount=2312341234&TransactionId=1234123423413242341&UserPhoneNumber=0714512869MerchantRequestID=123112&CheckoutRequestID=12341234&ResultCode=12314123432&ResultDesc=23423421&Amount=2312341234&TransactionId=1234123423413242341&UserPhoneNumber=0714512869Amount=2312341234&UserPhoneNumber=0714512869<?php
//INCLUDE THE ACCESS TOKEN FILE
include 'accessToken.php';

date_default_timezone_set('Africa/Nairobi');
$processrequestUrl = 'https://sandbox.safaricom.co.ke/mpesa/stkpush/v1/processrequest';
$callbackurl = 'https://tukit-class.co.ke/jopriz/callback.php';
$passkey = "bfb279f9aa9bdbcf158e97dd71a467cd2e0c893059b10f78e6b72ada1ed2c919";
$BusinessShortCode = '174379';
$Timestamp = date('YmdHis');
// ENCRIPT  DATA TO GET PASSWORD
$Password = base64_encode($BusinessShortCode . $passkey . $Timestamp);
$phone = '254713518279';
$money = '1';
$PartyA = $phone;
$PartyB = '254708601348';
$AccountReference = 'JOPRIZ';
$TransactionDesc = 'stkpush test';
$Amount = $money;
$stkpushheader = ['Content-Type:application/json', 'Authorization:Bearer ' . $access_token];

//INITIATE CURL
$curl = curl_init();
curl_setopt($curl, CURLOPT_URL, $processrequestUrl);
curl_setopt($curl, CURLOPT_HTTPHEADER, $stkpushheader); //setting custom header
$curl_post_data = array(
  //Fill in the request parameters with valid values
  'BusinessShortCode' => $BusinessShortCode,
  'Password' => $Password,
  'Timestamp' => $Timestamp,
  'TransactionType' => 'CustomerPayBillOnline',
  'Amount' => $Amount,
  'PartyA' => $PartyA,
  'PartyB' => $BusinessShortCode,
  'PhoneNumber' => $PartyA,
  'CallBackURL' => $callbackurl,
  'AccountReference' => $AccountReference,
  'TransactionDesc' => $TransactionDesc
);

$data_string = json_encode($curl_post_data);
curl_setopt($curl, CURLOPT_RETURNTRANSFER, true);
curl_setopt($curl, CURLOPT_POST, true);
curl_setopt($curl, CURLOPT_POSTFIELDS, $data_string);
echo $curl_response = curl_exec($curl);

// CHECK IF CURL REQUEST WAS SUCCESSFUL
if ($curl_response === false) {
  $error_message = curl_error($curl);
  // Handle the error
  // ...
  exit("cURL Error: " . $error_message);
}

//ECHO  RESPONSE
$data = json_decode($curl_response);

//CHECK IF RESPONSE IS VALID
if ($data === null){
  exit("Invalid response from API.");
}

// CHECK IF THE RESPONSE CONTAINS THE EXPECTED PROPERTIES
if (property_exists($data, 'CheckoutRequestID') && property_exists($data, 'ResponseCode')) {
  $CheckoutRequestID = $data->CheckoutRequestID;
  $ResponseCode = $data->ResponseCode;
  if ($ResponseCode == "0") {
      echo "The CheckoutRequestID for this transaction is : " . $CheckoutRequestID;
  }
}

//CLOSE CURL
curl_close($curl);

<?php
//INCLUDE THE ACCESS TOKEN FILE
include 'accessToken.php';

date_default_timezone_set('Africa/Nairobi');
$processrequestUrl = 'https://sandbox.safaricom.co.ke/mpesa/stkpush/v1/processrequest';
$callbackurl = 'https://tukit-class.co.ke/jopriz/callback.php';
$passkey = "bfb279f9aa9bdbcf158e97dd71a467cd2e0c893059b10f78e6b72ada1ed2c919";
$BusinessShortCode = '174379';
$Timestamp = date('YmdHis');
// ENCRIPT  DATA TO GET PASSWORD
$Password = base64_encode($BusinessShortCode . $passkey . $Timestamp);
$phone = '254713518279';
$money = '1';
$PartyA = $phone;
$PartyB = '254708601348';
$AccountReference = 'JOPRIZ';
$TransactionDesc = 'stkpush test';
$Amount = $money;
$stkpushheader = ['Content-Type:application/json', 'Authorization:Bearer ' . $access_token];

//INITIATE CURL
$curl = curl_init();
curl_setopt($curl, CURLOPT_URL, $processrequestUrl);
curl_setopt($curl, CURLOPT_HTTPHEADER, $stkpushheader); //setting custom header
$curl_post_data = array(
  //Fill in the request parameters with valid values
  'BusinessShortCode' => $BusinessShortCode,
  'Password' => $Password,
  'Timestamp' => $Timestamp,
  'TransactionType' => 'CustomerPayBillOnline',
  'Amount' => $Amount,
  'PartyA' => $PartyA,
  'PartyB' => $BusinessShortCode,
  'PhoneNumber' => $PartyA,
  'CallBackURL' => $callbackurl,
  'AccountReference' => $AccountReference,
  'TransactionDesc' => $TransactionDesc
);

$data_string = json_encode($curl_post_data);
curl_setopt($curl, CURLOPT_RETURNTRANSFER, true);
curl_setopt($curl, CURLOPT_POST, true);
curl_setopt($curl, CURLOPT_POSTFIELDS, $data_string);
echo $curl_response = curl_exec($curl);

// CHECK IF CURL REQUEST WAS SUCCESSFUL
if ($curl_response === false) {
  $error_message = curl_error($curl);
  // Handle the error
  // ...
  exit("cURL Error: " . $error_message);
}

//ECHO  RESPONSE
$data = json_decode($curl_response);

//CHECK IF RESPONSE IS VALID
if ($data === null){
  exit("Invalid response from API.");
}

// CHECK IF THE RESPONSE CONTAINS THE EXPECTED PROPERTIES
if (property_exists($data, 'CheckoutRequestID') && property_exists($data, 'ResponseCode')) {
  $CheckoutRequestID = $data->CheckoutRequestID;
  $ResponseCode = $data->ResponseCode;
  if ($ResponseCode == "0") {
      echo "The CheckoutRequestID for this transaction is : " . $CheckoutRequestID;
  }
}

//CLOSE CURL
curl_close($curl);

